date,indicator_id,rank,state,state_id,value
2017-10-01,1,1.0,Uttar Pradesh,v8EzhiynNtf,100.0
2017-10-01,2,1.0,Uttar Pradesh,v8EzhiynNtf,29.799426934097422
2017-10-01,5,1.0,Uttar Pradesh,v8EzhiynNtf,2.1634615384615383
2017-10-01,6,1.0,Uttar Pradesh,v8EzhiynNtf,68.26923076923077
2017-10-01,9,1.0,Uttar Pradesh,v8EzhiynNtf,33.68226441764853
2017-10-01,10,1.0,Uttar Pradesh,v8EzhiynNtf,34.368778066039766
2017-10-01,11,1.0,Uttar Pradesh,v8EzhiynNtf,53.80620749691866
2017-10-01,14,1.0,Uttar Pradesh,v8EzhiynNtf,69.3909695484774
2017-10-01,16,1.0,Uttar Pradesh,v8EzhiynNtf,3.2028684462295622
2017-10-01,17,1.0,Uttar Pradesh,v8EzhiynNtf,69.87654320987653
2017-10-01,18,1.0,Uttar Pradesh,v8EzhiynNtf,9.938748773946623
2017-10-01,19,1.0,Uttar Pradesh,v8EzhiynNtf,0.025678775635977674
2017-10-01,20,1.0,Uttar Pradesh,v8EzhiynNtf,69.1542910335198
2017-10-01,21,1.0,Uttar Pradesh,v8EzhiynNtf,10.293395161220817
2017-10-01,22,1.0,Uttar Pradesh,v8EzhiynNtf,0.05128381930857345
2017-10-01,28,1.0,Uttar Pradesh,v8EzhiynNtf,0.062039432868794174
2017-10-01,30,1.0,Uttar Pradesh,v8EzhiynNtf,0.0
2017-10-01,32,1.0,Uttar Pradesh,v8EzhiynNtf,100.0
2017-10-01,35,1.0,Uttar Pradesh,v8EzhiynNtf,36.47483722253532
2017-11-01,1,1.0,Uttar Pradesh,v8EzhiynNtf,100.0
2017-11-01,2,1.0,Uttar Pradesh,v8EzhiynNtf,31.873653984206747
2017-11-01,5,1.0,Uttar Pradesh,v8EzhiynNtf,100.0
2017-11-01,6,1.0,Uttar Pradesh,v8EzhiynNtf,39.189189189189186
2017-11-01,9,1.0,Uttar Pradesh,v8EzhiynNtf,38.923521004926855
2017-11-01,10,1.0,Uttar Pradesh,v8EzhiynNtf,41.87822031667231
2017-11-01,11,1.0,Uttar Pradesh,v8EzhiynNtf,51.807608409492644
2017-11-01,14,1.0,Uttar Pradesh,v8EzhiynNtf,62.89998661132682
2017-11-01,16,1.0,Uttar Pradesh,v8EzhiynNtf,3.1610816503065178
2017-11-01,17,1.0,Uttar Pradesh,v8EzhiynNtf,0.03723152385628632
2017-11-01,18,1.0,Uttar Pradesh,v8EzhiynNtf,9.497707866485054
2017-11-01,19,1.0,Uttar Pradesh,v8EzhiynNtf,0.2397649222116061
2017-11-01,20,1.0,Uttar Pradesh,v8EzhiynNtf,74.1857535070894
2017-11-01,21,1.0,Uttar Pradesh,v8EzhiynNtf,10.999379442626653
2017-11-01,22,1.0,Uttar Pradesh,v8EzhiynNtf,0.02773703411185076
2017-11-01,28,1.0,Uttar Pradesh,v8EzhiynNtf,0.06058777048523203
2017-11-01,30,1.0,Uttar Pradesh,v8EzhiynNtf,0.0
2017-11-01,32,1.0,Uttar Pradesh,v8EzhiynNtf,41.81684985060392
2017-11-01,35,1.0,Uttar Pradesh,v8EzhiynNtf,32.61483675145074
2017-12-01,1,1.0,Uttar Pradesh,v8EzhiynNtf,100.0
2017-12-01,2,1.0,Uttar Pradesh,v8EzhiynNtf,24.58791208791209
2017-12-01,5,1.0,Uttar Pradesh,v8EzhiynNtf,9.776536312849162
2017-12-01,6,1.0,Uttar Pradesh,v8EzhiynNtf,42.17877094972067
2017-12-01,9,1.0,Uttar Pradesh,v8EzhiynNtf,44.45050435519314
2017-12-01,10,1.0,Uttar Pradesh,v8EzhiynNtf,45.40361653120119
2017-12-01,11,1.0,Uttar Pradesh,v8EzhiynNtf,56.9463344894231
2017-12-01,14,1.0,Uttar Pradesh,v8EzhiynNtf,69.59757442116869
2017-12-01,16,1.0,Uttar Pradesh,v8EzhiynNtf,4.386434036694819
2017-12-01,17,1.0,Uttar Pradesh,v8EzhiynNtf,0.01809435456137685
2017-12-01,18,1.0,Uttar Pradesh,v8EzhiynNtf,11.665442376754816
2017-12-01,19,1.0,Uttar Pradesh,v8EzhiynNtf,0.029224954214238395
2017-12-01,20,1.0,Uttar Pradesh,v8EzhiynNtf,100.0
2017-12-01,21,1.0,Uttar Pradesh,v8EzhiynNtf,12.109290196182258
2017-12-01,22,1.0,Uttar Pradesh,v8EzhiynNtf,0.11119642053427232
2017-12-01,28,1.0,Uttar Pradesh,v8EzhiynNtf,0.0
2017-12-01,30,1.0,Uttar Pradesh,v8EzhiynNtf,0.0
2017-12-01,32,1.0,Uttar Pradesh,v8EzhiynNtf,100.0
2017-12-01,35,1.0,Uttar Pradesh,v8EzhiynNtf,44.178369101880385
2018-01-01,1,1.0,Uttar Pradesh,v8EzhiynNtf,100.0
2018-01-01,2,1.0,Uttar Pradesh,v8EzhiynNtf,23.642857142857146
2018-01-01,5,1.0,Uttar Pradesh,v8EzhiynNtf,6.3444108761329305
2018-01-01,6,1.0,Uttar Pradesh,v8EzhiynNtf,60.42296072507554
2018-01-01,9,1.0,Uttar Pradesh,v8EzhiynNtf,49.16086281058117
2018-01-01,10,1.0,Uttar Pradesh,v8EzhiynNtf,50.7683283837626
2018-01-01,11,1.0,Uttar Pradesh,v8EzhiynNtf,56.67029517760329
2018-01-01,14,1.0,Uttar Pradesh,v8EzhiynNtf,55.18027961736571
2018-01-01,16,1.0,Uttar Pradesh,v8EzhiynNtf,3.7629067543145815
2018-01-01,17,1.0,Uttar Pradesh,v8EzhiynNtf,0.20608980871382546
2018-01-01,18,1.0,Uttar Pradesh,v8EzhiynNtf,11.43735752769064
2018-01-01,19,1.0,Uttar Pradesh,v8EzhiynNtf,0.003984539984858748
2018-01-01,20,1.0,Uttar Pradesh,v8EzhiynNtf,44.78075691442703
2018-01-01,21,1.0,Uttar Pradesh,v8EzhiynNtf,6.742160831105148
2018-01-01,22,1.0,Uttar Pradesh,v8EzhiynNtf,0.0026421196140391672
2018-01-01,28,1.0,Uttar Pradesh,v8EzhiynNtf,0.0
2018-01-01,30,1.0,Uttar Pradesh,v8EzhiynNtf,0.0
2018-01-01,32,1.0,Uttar Pradesh,v8EzhiynNtf,31.93352572395264
2018-01-01,35,1.0,Uttar Pradesh,v8EzhiynNtf,35.2114871779823
2018-02-01,1,1.0,Uttar Pradesh,v8EzhiynNtf,100.0
2018-02-01,2,1.0,Uttar Pradesh,v8EzhiynNtf,100.0
2018-02-01,5,1.0,Uttar Pradesh,v8EzhiynNtf,7.90273556231003
2018-02-01,6,1.0,Uttar Pradesh,v8EzhiynNtf,41.03343465045592
2018-02-01,9,1.0,Uttar Pradesh,v8EzhiynNtf,53.03185057997979
2018-02-01,10,1.0,Uttar Pradesh,v8EzhiynNtf,56.045205850038926
2018-02-01,11,1.0,Uttar Pradesh,v8EzhiynNtf,57.53863311378204
2018-02-01,14,1.0,Uttar Pradesh,v8EzhiynNtf,50.195591431232536
2018-02-01,16,1.0,Uttar Pradesh,v8EzhiynNtf,3.037647617417613
2018-02-01,17,1.0,Uttar Pradesh,v8EzhiynNtf,0.16420408801570802
2018-02-01,18,1.0,Uttar Pradesh,v8EzhiynNtf,9.452927151394162
2018-02-01,19,1.0,Uttar Pradesh,v8EzhiynNtf,0.3921391868746056
2018-02-01,20,1.0,Uttar Pradesh,v8EzhiynNtf,61.41657511028173
2018-02-01,21,1.0,Uttar Pradesh,v8EzhiynNtf,5.80807941389191
2018-02-01,22,1.0,Uttar Pradesh,v8EzhiynNtf,0.005520988036018926
2018-02-01,28,1.0,Uttar Pradesh,v8EzhiynNtf,0.0
2018-02-01,30,1.0,Uttar Pradesh,v8EzhiynNtf,0.0
2018-02-01,32,1.0,Uttar Pradesh,v8EzhiynNtf,32.72853360232001
2018-02-01,35,1.0,Uttar Pradesh,v8EzhiynNtf,100.0
2018-03-01,1,1.0,Uttar Pradesh,v8EzhiynNtf,100.0
2018-03-01,2,1.0,Uttar Pradesh,v8EzhiynNtf,100.0
2018-03-01,5,1.0,Uttar Pradesh,v8EzhiynNtf,8.264462809917356
2018-03-01,6,1.0,Uttar Pradesh,v8EzhiynNtf,43.80165289256198
2018-03-01,9,1.0,Uttar Pradesh,v8EzhiynNtf,46.50790617684996
2018-03-01,10,1.0,Uttar Pradesh,v8EzhiynNtf,47.525916017770996
2018-03-01,11,1.0,Uttar Pradesh,v8EzhiynNtf,58.750776286246605
2018-03-01,14,1.0,Uttar Pradesh,v8EzhiynNtf,58.653345821625564
2018-03-01,16,1.0,Uttar Pradesh,v8EzhiynNtf,4.1795251516743885
2018-03-01,17,1.0,Uttar Pradesh,v8EzhiynNtf,71.30919220055709
2018-03-01,18,1.0,Uttar Pradesh,v8EzhiynNtf,11.170379547418573
2018-03-01,19,1.0,Uttar Pradesh,v8EzhiynNtf,0.008160267656779142
2018-03-01,20,1.0,Uttar Pradesh,v8EzhiynNtf,31.40878039459228
2018-03-01,21,1.0,Uttar Pradesh,v8EzhiynNtf,4.680170066402331
2018-03-01,22,1.0,Uttar Pradesh,v8EzhiynNtf,0.010987436105670472
2018-03-01,28,1.0,Uttar Pradesh,v8EzhiynNtf,0.0
2018-03-01,30,1.0,Uttar Pradesh,v8EzhiynNtf,0.0
2018-03-01,32,1.0,Uttar Pradesh,v8EzhiynNtf,36.93811796990556
2018-03-01,35,1.0,Uttar Pradesh,v8EzhiynNtf,100.0
2018-04-01,1,1.0,Uttar Pradesh,v8EzhiynNtf,100.0
2018-04-01,2,1.0,Uttar Pradesh,v8EzhiynNtf,17.102473498233213
2018-04-01,5,1.0,Uttar Pradesh,v8EzhiynNtf,6.198347107438017
2018-04-01,6,1.0,Uttar Pradesh,v8EzhiynNtf,21.487603305785125
2018-04-01,9,1.0,Uttar Pradesh,v8EzhiynNtf,56.565825660648095
2018-04-01,10,1.0,Uttar Pradesh,v8EzhiynNtf,55.25529116345809
2018-04-01,11,1.0,Uttar Pradesh,v8EzhiynNtf,57.52640599465902
2018-04-01,14,1.0,Uttar Pradesh,v8EzhiynNtf,82.65350245027385
2018-04-01,16,1.0,Uttar Pradesh,v8EzhiynNtf,3.7131810753716765
2018-04-01,17,1.0,Uttar Pradesh,v8EzhiynNtf,74.64788732394365
2018-04-01,18,1.0,Uttar Pradesh,v8EzhiynNtf,11.440348810985546
2018-04-01,19,1.0,Uttar Pradesh,v8EzhiynNtf,0.0058546295483153325
2018-04-01,20,1.0,Uttar Pradesh,v8EzhiynNtf,72.2085376061222
2018-04-01,21,1.0,Uttar Pradesh,v8EzhiynNtf,11.254334568934594
2018-04-01,22,1.0,Uttar Pradesh,v8EzhiynNtf,0.03427797042528598
2018-04-01,28,1.0,Uttar Pradesh,v8EzhiynNtf,0.0
2018-04-01,30,1.0,Uttar Pradesh,v8EzhiynNtf,0.0
2018-04-01,32,1.0,Uttar Pradesh,v8EzhiynNtf,29.01429507770477
2018-04-01,35,1.0,Uttar Pradesh,v8EzhiynNtf,100.0
2018-05-01,1,1.0,Uttar Pradesh,v8EzhiynNtf,100.0
2018-05-01,2,1.0,Uttar Pradesh,v8EzhiynNtf,42.29857819905213
2018-05-01,5,1.0,Uttar Pradesh,v8EzhiynNtf,8.403361344537815
2018-05-01,6,1.0,Uttar Pradesh,v8EzhiynNtf,38.93557422969188
2018-05-01,9,1.0,Uttar Pradesh,v8EzhiynNtf,50.84911300394812
2018-05-01,10,1.0,Uttar Pradesh,v8EzhiynNtf,51.560603997845405
2018-05-01,11,1.0,Uttar Pradesh,v8EzhiynNtf,59.634428587495044
2018-05-01,14,1.0,Uttar Pradesh,v8EzhiynNtf,64.64215947433847
2018-05-01,16,1.0,Uttar Pradesh,v8EzhiynNtf,4.251188284667428
2018-05-01,17,1.0,Uttar Pradesh,v8EzhiynNtf,76.38668779714739
2018-05-01,18,1.0,Uttar Pradesh,v8EzhiynNtf,15.249183105409658
2018-05-01,19,1.0,Uttar Pradesh,v8EzhiynNtf,0.017303176368804844
2018-05-01,20,1.0,Uttar Pradesh,v8EzhiynNtf,79.64733250069551
2018-05-01,21,1.0,Uttar Pradesh,v8EzhiynNtf,14.766693697799823
2018-05-01,22,1.0,Uttar Pradesh,v8EzhiynNtf,0.02722844069823193
2018-05-01,28,1.0,Uttar Pradesh,v8EzhiynNtf,0.0
2018-05-01,30,1.0,Uttar Pradesh,v8EzhiynNtf,0.0
2018-05-01,32,1.0,Uttar Pradesh,v8EzhiynNtf,27.7874915105187
2018-05-01,35,1.0,Uttar Pradesh,v8EzhiynNtf,100.0
2018-06-01,1,1.0,Uttar Pradesh,v8EzhiynNtf,100.0
2018-06-01,2,1.0,Uttar Pradesh,v8EzhiynNtf,56.325301204819276
2018-06-01,5,1.0,Uttar Pradesh,v8EzhiynNtf,9.62566844919786
2018-06-01,6,1.0,Uttar Pradesh,v8EzhiynNtf,52.67379679144386
2018-06-01,9,1.0,Uttar Pradesh,v8EzhiynNtf,54.26663287009996
2018-06-01,10,1.0,Uttar Pradesh,v8EzhiynNtf,53.95915758383937
2018-06-01,11,1.0,Uttar Pradesh,v8EzhiynNtf,62.566261475220145
2018-06-01,14,1.0,Uttar Pradesh,v8EzhiynNtf,69.39737290684849
2018-06-01,16,1.0,Uttar Pradesh,v8EzhiynNtf,4.343226176175625
2018-06-01,17,1.0,Uttar Pradesh,v8EzhiynNtf,99.1701244813278
2018-06-01,18,1.0,Uttar Pradesh,v8EzhiynNtf,12.727665492054491
2018-06-01,19,1.0,Uttar Pradesh,v8EzhiynNtf,0.016126802746164126
2018-06-01,20,1.0,Uttar Pradesh,v8EzhiynNtf,89.29457014073331
2018-06-01,21,1.0,Uttar Pradesh,v8EzhiynNtf,12.931595014271705
2018-06-01,22,1.0,Uttar Pradesh,v8EzhiynNtf,0.036368044611468066
2018-06-01,28,1.0,Uttar Pradesh,v8EzhiynNtf,0.0
2018-06-01,30,1.0,Uttar Pradesh,v8EzhiynNtf,0.0
2018-06-01,32,1.0,Uttar Pradesh,v8EzhiynNtf,32.87984602006493
2018-06-01,35,1.0,Uttar Pradesh,v8EzhiynNtf,100.0
2018-07-01,1,1.0,Uttar Pradesh,v8EzhiynNtf,100.0
2018-07-01,2,1.0,Uttar Pradesh,v8EzhiynNtf,100.0
2018-07-01,5,1.0,Uttar Pradesh,v8EzhiynNtf,12.5
2018-07-01,6,1.0,Uttar Pradesh,v8EzhiynNtf,35.860655737704924
2018-07-01,9,1.0,Uttar Pradesh,v8EzhiynNtf,53.60291219846094
2018-07-01,10,1.0,Uttar Pradesh,v8EzhiynNtf,54.423782954097604
2018-07-01,11,1.0,Uttar Pradesh,v8EzhiynNtf,63.34653917155836
2018-07-01,14,1.0,Uttar Pradesh,v8EzhiynNtf,61.71107373639019
2018-07-01,16,1.0,Uttar Pradesh,v8EzhiynNtf,4.461637385658874
2018-07-01,17,1.0,Uttar Pradesh,v8EzhiynNtf,93.94904458598728
2018-07-01,18,1.0,Uttar Pradesh,v8EzhiynNtf,13.44102600930201
2018-07-01,19,1.0,Uttar Pradesh,v8EzhiynNtf,0.047528517110266164
2018-07-01,20,1.0,Uttar Pradesh,v8EzhiynNtf,66.82810976748044
2018-07-01,21,1.0,Uttar Pradesh,v8EzhiynNtf,12.764721744000333
2018-07-01,22,1.0,Uttar Pradesh,v8EzhiynNtf,0.02903901599220095
2018-07-01,28,1.0,Uttar Pradesh,v8EzhiynNtf,0.0
2018-07-01,30,1.0,Uttar Pradesh,v8EzhiynNtf,0.0
2018-07-01,32,1.0,Uttar Pradesh,v8EzhiynNtf,32.975297478971896
2018-07-01,35,1.0,Uttar Pradesh,v8EzhiynNtf,100.0
2018-08-01,1,1.0,Uttar Pradesh,v8EzhiynNtf,100.0
2018-08-01,2,1.0,Uttar Pradesh,v8EzhiynNtf,31.350482315112533
2018-08-01,5,1.0,Uttar Pradesh,v8EzhiynNtf,10.256410256410255
2018-08-01,6,1.0,Uttar Pradesh,v8EzhiynNtf,53.07692307692307
2018-08-01,9,1.0,Uttar Pradesh,v8EzhiynNtf,46.330390498048345
2018-08-01,10,1.0,Uttar Pradesh,v8EzhiynNtf,47.23208751444893
2018-08-01,11,1.0,Uttar Pradesh,v8EzhiynNtf,64.00080411438526
2018-08-01,14,1.0,Uttar Pradesh,v8EzhiynNtf,65.2617304041226
2018-08-01,16,1.0,Uttar Pradesh,v8EzhiynNtf,3.976178111336338
2018-08-01,17,1.0,Uttar Pradesh,v8EzhiynNtf,48.0952380952381
2018-08-01,18,1.0,Uttar Pradesh,v8EzhiynNtf,12.074289347016618
2018-08-01,19,1.0,Uttar Pradesh,v8EzhiynNtf,0.0414576510094938
2018-08-01,20,1.0,Uttar Pradesh,v8EzhiynNtf,66.87341899385187
2018-08-01,21,1.0,Uttar Pradesh,v8EzhiynNtf,11.97711624478582
2018-08-01,22,1.0,Uttar Pradesh,v8EzhiynNtf,0.03434238520429531
2018-08-01,28,1.0,Uttar Pradesh,v8EzhiynNtf,0.0
2018-08-01,30,1.0,Uttar Pradesh,v8EzhiynNtf,0.0
2018-08-01,32,1.0,Uttar Pradesh,v8EzhiynNtf,38.896336643312715
2018-08-01,35,1.0,Uttar Pradesh,v8EzhiynNtf,100.0
2018-09-01,1,1.0,Uttar Pradesh,v8EzhiynNtf,100.0
2018-09-01,2,1.0,Uttar Pradesh,v8EzhiynNtf,100.0
2018-09-01,5,1.0,Uttar Pradesh,v8EzhiynNtf,14.849624060150376
2018-09-01,6,1.0,Uttar Pradesh,v8EzhiynNtf,43.42105263157895
2018-09-01,9,1.0,Uttar Pradesh,v8EzhiynNtf,39.99509004506637
2018-09-01,10,1.0,Uttar Pradesh,v8EzhiynNtf,40.75367808231189
2018-09-01,11,1.0,Uttar Pradesh,v8EzhiynNtf,54.58221544180826
2018-09-01,14,1.0,Uttar Pradesh,v8EzhiynNtf,73.38759896806334
2018-09-01,16,1.0,Uttar Pradesh,v8EzhiynNtf,3.7392813930243567
2018-09-01,17,1.0,Uttar Pradesh,v8EzhiynNtf,100.0
2018-09-01,18,1.0,Uttar Pradesh,v8EzhiynNtf,11.814147510428686
2018-09-01,19,1.0,Uttar Pradesh,v8EzhiynNtf,0.022149211857211408
2018-09-01,20,1.0,Uttar Pradesh,v8EzhiynNtf,65.01692180896768
2018-09-01,21,1.0,Uttar Pradesh,v8EzhiynNtf,16.07133463096428
2018-09-01,22,1.0,Uttar Pradesh,v8EzhiynNtf,0.015431286934259212
2018-09-01,28,1.0,Uttar Pradesh,v8EzhiynNtf,0.0
2018-09-01,30,1.0,Uttar Pradesh,v8EzhiynNtf,0.0
2018-09-01,32,1.0,Uttar Pradesh,v8EzhiynNtf,40.903908075511694
2018-09-01,35,1.0,Uttar Pradesh,v8EzhiynNtf,100.0
2018-10-01,1,1.0,Uttar Pradesh,v8EzhiynNtf,100.0
2018-10-01,2,1.0,Uttar Pradesh,v8EzhiynNtf,100.0
2018-10-01,5,1.0,Uttar Pradesh,v8EzhiynNtf,12.351543942992876
2018-10-01,6,1.0,Uttar Pradesh,v8EzhiynNtf,39.19239904988122
2018-10-01,9,1.0,Uttar Pradesh,v8EzhiynNtf,45.75829084491831
2018-10-01,10,1.0,Uttar Pradesh,v8EzhiynNtf,44.997371220365096
2018-10-01,11,1.0,Uttar Pradesh,v8EzhiynNtf,57.25563557370568
2018-10-01,14,1.0,Uttar Pradesh,v8EzhiynNtf,66.33027127269591
2018-10-01,16,1.0,Uttar Pradesh,v8EzhiynNtf,4.208492792253049
2018-10-01,17,1.0,Uttar Pradesh,v8EzhiynNtf,43.29501915708812
2018-10-01,18,1.0,Uttar Pradesh,v8EzhiynNtf,11.321298960911767
2018-10-01,19,1.0,Uttar Pradesh,v8EzhiynNtf,0.029347315698857405
2018-10-01,20,1.0,Uttar Pradesh,v8EzhiynNtf,57.11421130497512
2018-10-01,21,1.0,Uttar Pradesh,v8EzhiynNtf,12.307987006900037
2018-10-01,22,1.0,Uttar Pradesh,v8EzhiynNtf,0.04686971442079222
2018-10-01,28,1.0,Uttar Pradesh,v8EzhiynNtf,0.0
2018-10-01,30,1.0,Uttar Pradesh,v8EzhiynNtf,0.0
2018-10-01,32,1.0,Uttar Pradesh,v8EzhiynNtf,37.57922579876592
2018-10-01,35,1.0,Uttar Pradesh,v8EzhiynNtf,100.0
2018-11-01,1,1.0,Uttar Pradesh,v8EzhiynNtf,100.0
2018-11-01,2,1.0,Uttar Pradesh,v8EzhiynNtf,100.0
2018-11-01,5,1.0,Uttar Pradesh,v8EzhiynNtf,12.63157894736842
2018-11-01,6,1.0,Uttar Pradesh,v8EzhiynNtf,32.10526315789474
2018-11-01,9,1.0,Uttar Pradesh,v8EzhiynNtf,42.4186661568365
2018-11-01,10,1.0,Uttar Pradesh,v8EzhiynNtf,45.39320651308033
2018-11-01,11,1.0,Uttar Pradesh,v8EzhiynNtf,55.41017429818693
2018-11-01,14,1.0,Uttar Pradesh,v8EzhiynNtf,98.87200853615164
2018-11-01,16,1.0,Uttar Pradesh,v8EzhiynNtf,4.030048115221617
2018-11-01,17,1.0,Uttar Pradesh,v8EzhiynNtf,100.0
2018-11-01,18,1.0,Uttar Pradesh,v8EzhiynNtf,11.880298917596596
2018-11-01,19,1.0,Uttar Pradesh,v8EzhiynNtf,0.12478775852545874
2018-11-01,20,1.0,Uttar Pradesh,v8EzhiynNtf,58.30027403371252
2018-11-01,21,1.0,Uttar Pradesh,v8EzhiynNtf,10.338798075391136
2018-11-01,22,1.0,Uttar Pradesh,v8EzhiynNtf,0.11909313959787145
2018-11-01,28,1.0,Uttar Pradesh,v8EzhiynNtf,0.006951819099283962
2018-11-01,30,1.0,Uttar Pradesh,v8EzhiynNtf,0.0
2018-11-01,32,1.0,Uttar Pradesh,v8EzhiynNtf,40.303530804948736
2018-11-01,35,1.0,Uttar Pradesh,v8EzhiynNtf,100.0
2018-12-01,1,1.0,Uttar Pradesh,v8EzhiynNtf,100.0
2018-12-01,2,1.0,Uttar Pradesh,v8EzhiynNtf,100.0
2018-12-01,5,1.0,Uttar Pradesh,v8EzhiynNtf,13.56466876971609
2018-12-01,6,1.0,Uttar Pradesh,v8EzhiynNtf,35.646687697160885
2018-12-01,9,1.0,Uttar Pradesh,v8EzhiynNtf,46.35321577451339
2018-12-01,10,1.0,Uttar Pradesh,v8EzhiynNtf,49.135549238991565
2018-12-01,11,1.0,Uttar Pradesh,v8EzhiynNtf,55.2364364559066
2018-12-01,14,1.0,Uttar Pradesh,v8EzhiynNtf,63.29811406498525
2018-12-01,16,1.0,Uttar Pradesh,v8EzhiynNtf,4.331316060527024
2018-12-01,17,1.0,Uttar Pradesh,v8EzhiynNtf,91.63763066202092
2018-12-01,18,1.0,Uttar Pradesh,v8EzhiynNtf,14.076610960083284
2018-12-01,19,1.0,Uttar Pradesh,v8EzhiynNtf,0.1545362838316413
2018-12-01,20,1.0,Uttar Pradesh,v8EzhiynNtf,63.54541958242896
2018-12-01,21,1.0,Uttar Pradesh,v8EzhiynNtf,10.16121973538214
2018-12-01,22,1.0,Uttar Pradesh,v8EzhiynNtf,0.18831808958813154
2018-12-01,28,1.0,Uttar Pradesh,v8EzhiynNtf,0.0
2018-12-01,30,1.0,Uttar Pradesh,v8EzhiynNtf,0.0
2018-12-01,32,1.0,Uttar Pradesh,v8EzhiynNtf,38.25868989484478
2018-12-01,35,1.0,Uttar Pradesh,v8EzhiynNtf,100.0
2019-01-01,1,1.0,Uttar Pradesh,v8EzhiynNtf,100.0
2019-01-01,2,1.0,Uttar Pradesh,v8EzhiynNtf,100.0
2019-01-01,5,1.0,Uttar Pradesh,v8EzhiynNtf,11.620795107033643
2019-01-01,6,1.0,Uttar Pradesh,v8EzhiynNtf,41.284403669724774
2019-01-01,9,1.0,Uttar Pradesh,v8EzhiynNtf,43.89630758200396
2019-01-01,10,1.0,Uttar Pradesh,v8EzhiynNtf,47.26608711238573
2019-01-01,11,1.0,Uttar Pradesh,v8EzhiynNtf,54.71321025273347
2019-01-01,14,1.0,Uttar Pradesh,v8EzhiynNtf,61.10495303657896
2019-01-01,16,1.0,Uttar Pradesh,v8EzhiynNtf,3.6946585409571613
2019-01-01,17,1.0,Uttar Pradesh,v8EzhiynNtf,100.0
2019-01-01,18,1.0,Uttar Pradesh,v8EzhiynNtf,12.16634233585674
2019-01-01,19,1.0,Uttar Pradesh,v8EzhiynNtf,0.08124042523559724
2019-01-01,20,1.0,Uttar Pradesh,v8EzhiynNtf,68.18202186771823
2019-01-01,21,1.0,Uttar Pradesh,v8EzhiynNtf,10.174762502240544
2019-01-01,22,1.0,Uttar Pradesh,v8EzhiynNtf,0.02554221186592579
2019-01-01,28,1.0,Uttar Pradesh,v8EzhiynNtf,0.0
2019-01-01,30,1.0,Uttar Pradesh,v8EzhiynNtf,0.0
2019-01-01,32,1.0,Uttar Pradesh,v8EzhiynNtf,39.64466628895726
2019-01-01,35,1.0,Uttar Pradesh,v8EzhiynNtf,100.0
2019-02-01,1,1.0,Uttar Pradesh,v8EzhiynNtf,100.0
2019-02-01,2,1.0,Uttar Pradesh,v8EzhiynNtf,100.0
2019-02-01,5,1.0,Uttar Pradesh,v8EzhiynNtf,14.814814814814813
2019-02-01,6,1.0,Uttar Pradesh,v8EzhiynNtf,23.56902356902357
2019-02-01,9,1.0,Uttar Pradesh,v8EzhiynNtf,44.94386639334158
2019-02-01,10,1.0,Uttar Pradesh,v8EzhiynNtf,47.51336568796198
2019-02-01,11,1.0,Uttar Pradesh,v8EzhiynNtf,57.14077002798691
2019-02-01,14,1.0,Uttar Pradesh,v8EzhiynNtf,22.646218830249357
2019-02-01,16,1.0,Uttar Pradesh,v8EzhiynNtf,4.694769233578809
2019-02-01,17,1.0,Uttar Pradesh,v8EzhiynNtf,100.0
2019-02-01,18,1.0,Uttar Pradesh,v8EzhiynNtf,13.435966305401626
2019-02-01,19,1.0,Uttar Pradesh,v8EzhiynNtf,0.03550584736923862
2019-02-01,20,1.0,Uttar Pradesh,v8EzhiynNtf,57.58865183467179
2019-02-01,21,1.0,Uttar Pradesh,v8EzhiynNtf,7.777894453296566
2019-02-01,22,1.0,Uttar Pradesh,v8EzhiynNtf,0.4287064388145971
2019-02-01,28,1.0,Uttar Pradesh,v8EzhiynNtf,0.0
2019-02-01,30,1.0,Uttar Pradesh,v8EzhiynNtf,0.0
2019-02-01,32,1.0,Uttar Pradesh,v8EzhiynNtf,35.150496662583386
2019-02-01,35,1.0,Uttar Pradesh,v8EzhiynNtf,100.0
2019-03-01,1,1.0,Uttar Pradesh,v8EzhiynNtf,100.0
2019-03-01,2,1.0,Uttar Pradesh,v8EzhiynNtf,100.0
2019-03-01,5,1.0,Uttar Pradesh,v8EzhiynNtf,16.120218579234972
2019-03-01,6,1.0,Uttar Pradesh,v8EzhiynNtf,73.77049180327869
2019-03-01,9,1.0,Uttar Pradesh,v8EzhiynNtf,41.68887984535558
2019-03-01,10,1.0,Uttar Pradesh,v8EzhiynNtf,46.3412351205616
2019-03-01,11,1.0,Uttar Pradesh,v8EzhiynNtf,64.24173364533523
2019-03-01,14,1.0,Uttar Pradesh,v8EzhiynNtf,58.544275290514356
2019-03-01,16,1.0,Uttar Pradesh,v8EzhiynNtf,4.490385593651438
2019-03-01,17,1.0,Uttar Pradesh,v8EzhiynNtf,88.125
2019-03-01,18,1.0,Uttar Pradesh,v8EzhiynNtf,12.986930059518807
2019-03-01,19,1.0,Uttar Pradesh,v8EzhiynNtf,0.06794021261290065
2019-03-01,20,1.0,Uttar Pradesh,v8EzhiynNtf,67.66425882592328
2019-03-01,21,1.0,Uttar Pradesh,v8EzhiynNtf,10.351816054532506
2019-03-01,22,1.0,Uttar Pradesh,v8EzhiynNtf,0.7040390680638926
2019-03-01,28,1.0,Uttar Pradesh,v8EzhiynNtf,0.0
2019-03-01,30,1.0,Uttar Pradesh,v8EzhiynNtf,0.0
2019-03-01,32,1.0,Uttar Pradesh,v8EzhiynNtf,30.97278041793345
2019-03-01,35,1.0,Uttar Pradesh,v8EzhiynNtf,100.0
2019-04-01,1,1.0,Uttar Pradesh,v8EzhiynNtf,100.0
2019-04-01,2,1.0,Uttar Pradesh,v8EzhiynNtf,1.2544258978249874
2019-04-01,5,1.0,Uttar Pradesh,v8EzhiynNtf,8.064516129032258
2019-04-01,6,1.0,Uttar Pradesh,v8EzhiynNtf,31.85483870967742
2019-04-01,9,1.0,Uttar Pradesh,v8EzhiynNtf,44.5616280930422
2019-04-01,10,1.0,Uttar Pradesh,v8EzhiynNtf,48.56421744759465
2019-04-01,11,1.0,Uttar Pradesh,v8EzhiynNtf,58.30775497141527
2019-04-01,14,1.0,Uttar Pradesh,v8EzhiynNtf,61.72489987570777
2019-04-01,16,1.0,Uttar Pradesh,v8EzhiynNtf,4.596831677407153
2019-04-01,17,1.0,Uttar Pradesh,v8EzhiynNtf,97.0074812967581
2019-04-01,18,1.0,Uttar Pradesh,v8EzhiynNtf,14.062463198059213
2019-04-01,19,1.0,Uttar Pradesh,v8EzhiynNtf,0.09966363523109506
2019-04-01,20,1.0,Uttar Pradesh,v8EzhiynNtf,50.29966687517275
2019-04-01,21,1.0,Uttar Pradesh,v8EzhiynNtf,11.314606578124318
2019-04-01,22,1.0,Uttar Pradesh,v8EzhiynNtf,0.03563999243559345
2019-04-01,28,1.0,Uttar Pradesh,v8EzhiynNtf,0.0
2019-04-01,30,1.0,Uttar Pradesh,v8EzhiynNtf,0.0
2019-04-01,32,1.0,Uttar Pradesh,v8EzhiynNtf,31.044495844751147
2019-04-01,35,1.0,Uttar Pradesh,v8EzhiynNtf,100.0
2019-05-01,1,1.0,Uttar Pradesh,v8EzhiynNtf,100.0
2019-05-01,2,1.0,Uttar Pradesh,v8EzhiynNtf,100.0
2019-05-01,5,1.0,Uttar Pradesh,v8EzhiynNtf,6.896551724137932
2019-05-01,6,1.0,Uttar Pradesh,v8EzhiynNtf,31.37931034482759
2019-05-01,9,1.0,Uttar Pradesh,v8EzhiynNtf,43.94975561679104
2019-05-01,10,1.0,Uttar Pradesh,v8EzhiynNtf,48.63527566023694
2019-05-01,11,1.0,Uttar Pradesh,v8EzhiynNtf,57.6865056218195
2019-05-01,14,1.0,Uttar Pradesh,v8EzhiynNtf,53.77090832098242
2019-05-01,16,1.0,Uttar Pradesh,v8EzhiynNtf,5.059637548524648
2019-05-01,17,1.0,Uttar Pradesh,v8EzhiynNtf,100.0
2019-05-01,18,1.0,Uttar Pradesh,v8EzhiynNtf,15.70500071934531
2019-05-01,19,1.0,Uttar Pradesh,v8EzhiynNtf,0.004979459728619446
2019-05-01,20,1.0,Uttar Pradesh,v8EzhiynNtf,62.47108634873383
2019-05-01,21,1.0,Uttar Pradesh,v8EzhiynNtf,12.960355612768268
2019-05-01,22,1.0,Uttar Pradesh,v8EzhiynNtf,0.02011384435907235
2019-05-01,28,1.0,Uttar Pradesh,v8EzhiynNtf,0.0
2019-05-01,30,1.0,Uttar Pradesh,v8EzhiynNtf,0.0
2019-05-01,32,1.0,Uttar Pradesh,v8EzhiynNtf,33.33599929923182
2019-05-01,35,1.0,Uttar Pradesh,v8EzhiynNtf,100.0
2019-06-01,1,1.0,Uttar Pradesh,v8EzhiynNtf,100.0
2019-06-01,2,1.0,Uttar Pradesh,v8EzhiynNtf,100.0
2019-06-01,5,1.0,Uttar Pradesh,v8EzhiynNtf,20.0
2019-06-01,6,1.0,Uttar Pradesh,v8EzhiynNtf,56.0655737704918
2019-06-01,9,1.0,Uttar Pradesh,v8EzhiynNtf,43.312599902703454
2019-06-01,10,1.0,Uttar Pradesh,v8EzhiynNtf,44.41674195566057
2019-06-01,11,1.0,Uttar Pradesh,v8EzhiynNtf,53.55566752380291
2019-06-01,14,1.0,Uttar Pradesh,v8EzhiynNtf,79.48607522250933
2019-06-01,16,1.0,Uttar Pradesh,v8EzhiynNtf,4.712801445548683
2019-06-01,17,1.0,Uttar Pradesh,v8EzhiynNtf,100.0
2019-06-01,18,1.0,Uttar Pradesh,v8EzhiynNtf,14.434691191930776
2019-06-01,19,1.0,Uttar Pradesh,v8EzhiynNtf,0.004765308553728854
2019-06-01,20,1.0,Uttar Pradesh,v8EzhiynNtf,55.44773785530614
2019-06-01,21,1.0,Uttar Pradesh,v8EzhiynNtf,13.713600667176314
2019-06-01,22,1.0,Uttar Pradesh,v8EzhiynNtf,0.006515393703523525
2019-06-01,28,1.0,Uttar Pradesh,v8EzhiynNtf,0.0
2019-06-01,30,1.0,Uttar Pradesh,v8EzhiynNtf,0.0
2019-06-01,32,1.0,Uttar Pradesh,v8EzhiynNtf,32.66449420834085
2019-06-01,35,1.0,Uttar Pradesh,v8EzhiynNtf,100.0
2019-07-01,1,1.0,Uttar Pradesh,v8EzhiynNtf,100.0
2019-07-01,2,1.0,Uttar Pradesh,v8EzhiynNtf,100.0
2019-07-01,5,1.0,Uttar Pradesh,v8EzhiynNtf,5.368516833484986
2019-07-01,6,1.0,Uttar Pradesh,v8EzhiynNtf,11.64695177434031
2019-07-01,9,1.0,Uttar Pradesh,v8EzhiynNtf,40.17992293931471
2019-07-01,10,1.0,Uttar Pradesh,v8EzhiynNtf,41.689830741709095
2019-07-01,11,1.0,Uttar Pradesh,v8EzhiynNtf,49.26654740608229
2019-07-01,14,1.0,Uttar Pradesh,v8EzhiynNtf,60.050091717228725
2019-07-01,16,1.0,Uttar Pradesh,v8EzhiynNtf,4.644626393284712
2019-07-01,17,1.0,Uttar Pradesh,v8EzhiynNtf,100.0
2019-07-01,18,1.0,Uttar Pradesh,v8EzhiynNtf,14.742722799147156
2019-07-01,19,1.0,Uttar Pradesh,v8EzhiynNtf,0.0022479487467685732
2019-07-01,20,1.0,Uttar Pradesh,v8EzhiynNtf,46.096738681711855
2019-07-01,21,1.0,Uttar Pradesh,v8EzhiynNtf,9.831085730012383
2019-07-01,22,1.0,Uttar Pradesh,v8EzhiynNtf,0.002064125498830329
2019-07-01,28,1.0,Uttar Pradesh,v8EzhiynNtf,0.0
2019-07-01,30,1.0,Uttar Pradesh,v8EzhiynNtf,0.0
2019-07-01,32,1.0,Uttar Pradesh,v8EzhiynNtf,36.14946987745806
2019-07-01,35,1.0,Uttar Pradesh,v8EzhiynNtf,100.0
2019-08-01,1,1.0,Uttar Pradesh,v8EzhiynNtf,100.0
2019-08-01,2,1.0,Uttar Pradesh,v8EzhiynNtf,0.0
2019-08-01,5,1.0,Uttar Pradesh,v8EzhiynNtf,21.91435768261965
2019-08-01,6,1.0,Uttar Pradesh,v8EzhiynNtf,36.02015113350126
2019-08-01,9,1.0,Uttar Pradesh,v8EzhiynNtf,38.300997485431
2019-08-01,10,1.0,Uttar Pradesh,v8EzhiynNtf,39.730488255413476
2019-08-01,11,1.0,Uttar Pradesh,v8EzhiynNtf,52.165389519848425
2019-08-01,14,1.0,Uttar Pradesh,v8EzhiynNtf,27.41672688117199
2019-08-01,16,1.0,Uttar Pradesh,v8EzhiynNtf,5.247226227788967
2019-08-01,17,1.0,Uttar Pradesh,v8EzhiynNtf,100.0
2019-08-01,18,1.0,Uttar Pradesh,v8EzhiynNtf,13.929893898716973
2019-08-01,19,1.0,Uttar Pradesh,v8EzhiynNtf,1.7263333681244128
2019-08-01,20,1.0,Uttar Pradesh,v8EzhiynNtf,40.964533851342495
2019-08-01,21,1.0,Uttar Pradesh,v8EzhiynNtf,11.453802242852547
2019-08-01,22,1.0,Uttar Pradesh,v8EzhiynNtf,0.0032772818819940173
2019-08-01,28,1.0,Uttar Pradesh,v8EzhiynNtf,0.0
2019-08-01,30,1.0,Uttar Pradesh,v8EzhiynNtf,0.0
2019-08-01,32,1.0,Uttar Pradesh,v8EzhiynNtf,39.70708594310142
2019-08-01,35,1.0,Uttar Pradesh,v8EzhiynNtf,100.0
2019-09-01,1,1.0,Uttar Pradesh,v8EzhiynNtf,100.0
2019-09-01,2,1.0,Uttar Pradesh,v8EzhiynNtf,100.0
2019-09-01,5,1.0,Uttar Pradesh,v8EzhiynNtf,21.25340599455041
2019-09-01,6,1.0,Uttar Pradesh,v8EzhiynNtf,30.790190735694818
2019-09-01,9,1.0,Uttar Pradesh,v8EzhiynNtf,36.585870223482665
2019-09-01,10,1.0,Uttar Pradesh,v8EzhiynNtf,37.987326627376255
2019-09-01,11,1.0,Uttar Pradesh,v8EzhiynNtf,52.57706680846665
2019-09-01,14,1.0,Uttar Pradesh,v8EzhiynNtf,75.45160157621629
2019-09-01,16,1.0,Uttar Pradesh,v8EzhiynNtf,4.353259183763903
2019-09-01,17,1.0,Uttar Pradesh,v8EzhiynNtf,94.84662576687114
2019-09-01,18,1.0,Uttar Pradesh,v8EzhiynNtf,15.437116121201932
2019-09-01,19,1.0,Uttar Pradesh,v8EzhiynNtf,4.733440351470091
2019-09-01,20,1.0,Uttar Pradesh,v8EzhiynNtf,41.445768895585
2019-09-01,21,1.0,Uttar Pradesh,v8EzhiynNtf,10.099998522916943
2019-09-01,22,1.0,Uttar Pradesh,v8EzhiynNtf,0.0
2019-09-01,28,1.0,Uttar Pradesh,v8EzhiynNtf,0.0
2019-09-01,30,1.0,Uttar Pradesh,v8EzhiynNtf,0.0
2019-09-01,32,1.0,Uttar Pradesh,v8EzhiynNtf,43.11580726354829
2019-09-01,35,1.0,Uttar Pradesh,v8EzhiynNtf,100.0
2019-10-01,1,1.0,Uttar Pradesh,v8EzhiynNtf,100.0
2019-10-01,2,1.0,Uttar Pradesh,v8EzhiynNtf,100.0
2019-10-01,5,1.0,Uttar Pradesh,v8EzhiynNtf,18.63517060367455
2019-10-01,6,1.0,Uttar Pradesh,v8EzhiynNtf,31.23359580052493
2019-10-01,9,1.0,Uttar Pradesh,v8EzhiynNtf,34.926664862287176
2019-10-01,10,1.0,Uttar Pradesh,v8EzhiynNtf,35.11483586590883
2019-10-01,11,1.0,Uttar Pradesh,v8EzhiynNtf,52.27512920645968
2019-10-01,14,1.0,Uttar Pradesh,v8EzhiynNtf,77.40521230819193
2019-10-01,16,1.0,Uttar Pradesh,v8EzhiynNtf,4.409774581448401
2019-10-01,17,1.0,Uttar Pradesh,v8EzhiynNtf,90.27617951668587
2019-10-01,18,1.0,Uttar Pradesh,v8EzhiynNtf,13.61304175849014
2019-10-01,19,1.0,Uttar Pradesh,v8EzhiynNtf,0.0
2019-10-01,20,1.0,Uttar Pradesh,v8EzhiynNtf,38.74421631932361
2019-10-01,21,1.0,Uttar Pradesh,v8EzhiynNtf,7.9250924744486975
2019-10-01,22,1.0,Uttar Pradesh,v8EzhiynNtf,0.0019332637358388434
2019-10-01,28,1.0,Uttar Pradesh,v8EzhiynNtf,0.0
2019-10-01,30,1.0,Uttar Pradesh,v8EzhiynNtf,0.0
2019-10-01,32,1.0,Uttar Pradesh,v8EzhiynNtf,45.043594306049826
2019-10-01,35,1.0,Uttar Pradesh,v8EzhiynNtf,100.0
2017-10-01,48,1.0,Uttar Pradesh,v8EzhiynNtf,0.0017442474584752447
2017-10-01,49,1.0,Uttar Pradesh,v8EzhiynNtf,2.306574688365732e-05
2017-10-01,50,1.0,Uttar Pradesh,v8EzhiynNtf,0.9867069486404834
2017-10-01,51,1.0,Uttar Pradesh,v8EzhiynNtf,0.6589099816289039
2017-10-01,52,1.0,Uttar Pradesh,v8EzhiynNtf,1.4219330855018588
2017-11-01,48,1.0,Uttar Pradesh,v8EzhiynNtf,0.0020501669727790925
2017-11-01,49,1.0,Uttar Pradesh,v8EzhiynNtf,1.344921192914158e-05
2017-11-01,50,1.0,Uttar Pradesh,v8EzhiynNtf,0.33367875647668394
2017-11-01,51,1.0,Uttar Pradesh,v8EzhiynNtf,1.2453416149068324
2017-11-01,52,1.0,Uttar Pradesh,v8EzhiynNtf,2.089775561097257
2017-12-01,48,1.0,Uttar Pradesh,v8EzhiynNtf,0.0021707928152014913
2017-12-01,49,1.0,Uttar Pradesh,v8EzhiynNtf,1.3755826087111649e-05
2017-12-01,50,1.0,Uttar Pradesh,v8EzhiynNtf,0.5157041540020263
2017-12-01,51,1.0,Uttar Pradesh,v8EzhiynNtf,1.6247544204322202
2017-12-01,52,1.0,Uttar Pradesh,v8EzhiynNtf,0.8053204353083434
2018-01-01,48,1.0,Uttar Pradesh,v8EzhiynNtf,0.001900676194785248
2018-01-01,49,1.0,Uttar Pradesh,v8EzhiynNtf,1.2654802519855496e-05
2018-01-01,50,1.0,Uttar Pradesh,v8EzhiynNtf,0.3359030837004405
2018-01-01,51,1.0,Uttar Pradesh,v8EzhiynNtf,2.1180327868852458
2018-01-01,52,1.0,Uttar Pradesh,v8EzhiynNtf,2.1501547987616103
2018-02-01,48,1.0,Uttar Pradesh,v8EzhiynNtf,0.002040287376814045
2018-02-01,49,1.0,Uttar Pradesh,v8EzhiynNtf,2.9211967050239117e-05
2018-02-01,50,1.0,Uttar Pradesh,v8EzhiynNtf,0.3344465648854962
2018-02-01,51,1.0,Uttar Pradesh,v8EzhiynNtf,1.079885877318117
2018-02-01,52,1.0,Uttar Pradesh,v8EzhiynNtf,1.3421400264200791
2018-03-01,48,1.0,Uttar Pradesh,v8EzhiynNtf,0.0021280007444963406
2018-03-01,49,1.0,Uttar Pradesh,v8EzhiynNtf,3.6863383992310336e-05
2018-03-01,50,1.0,Uttar Pradesh,v8EzhiynNtf,0.35992438563327034
2018-03-01,51,1.0,Uttar Pradesh,v8EzhiynNtf,0.6869747899159664
2018-03-01,52,1.0,Uttar Pradesh,v8EzhiynNtf,1.1039755351681957
2018-04-01,48,1.0,Uttar Pradesh,v8EzhiynNtf,0.0020834516647159225
2018-04-01,49,1.0,Uttar Pradesh,v8EzhiynNtf,4.438854437501716e-05
2018-04-01,50,1.0,Uttar Pradesh,v8EzhiynNtf,0.30074328187535737
2018-04-01,51,1.0,Uttar Pradesh,v8EzhiynNtf,2.7319391634980987
2018-04-01,52,1.0,Uttar Pradesh,v8EzhiynNtf,0.3242867084203201
2018-05-01,48,1.0,Uttar Pradesh,v8EzhiynNtf,0.0024996856340177287
2018-05-01,49,1.0,Uttar Pradesh,v8EzhiynNtf,4.971821522621991e-05
2018-05-01,50,1.0,Uttar Pradesh,v8EzhiynNtf,0.4757529351710056
2018-05-01,51,1.0,Uttar Pradesh,v8EzhiynNtf,0.9495708154506438
2018-05-01,52,1.0,Uttar Pradesh,v8EzhiynNtf,0.8124293785310734
2018-06-01,48,1.0,Uttar Pradesh,v8EzhiynNtf,0.0026718932210765913
2018-06-01,49,1.0,Uttar Pradesh,v8EzhiynNtf,5.753506580798394e-05
2018-06-01,50,1.0,Uttar Pradesh,v8EzhiynNtf,0.5350683722981915
2018-06-01,51,1.0,Uttar Pradesh,v8EzhiynNtf,0.6265457543281121
2018-06-01,52,1.0,Uttar Pradesh,v8EzhiynNtf,0.631578947368421
2018-07-01,48,1.0,Uttar Pradesh,v8EzhiynNtf,0.003630074347893199
2018-07-01,49,1.0,Uttar Pradesh,v8EzhiynNtf,0.0001308561090895303
2018-07-01,50,1.0,Uttar Pradesh,v8EzhiynNtf,0.35686578743211794
2018-07-01,51,1.0,Uttar Pradesh,v8EzhiynNtf,0.5070652173913044
2018-07-01,52,1.0,Uttar Pradesh,v8EzhiynNtf,1.4737406216505895
2018-08-01,48,1.0,Uttar Pradesh,v8EzhiynNtf,0.003265344879532265
2018-08-01,49,1.0,Uttar Pradesh,v8EzhiynNtf,0.00020257825111571584
2018-08-01,50,1.0,Uttar Pradesh,v8EzhiynNtf,0.15459784515159108
2018-08-01,51,1.0,Uttar Pradesh,v8EzhiynNtf,0.8022690437601296
2018-08-01,52,1.0,Uttar Pradesh,v8EzhiynNtf,0.7959595959595959
2018-09-01,48,1.0,Uttar Pradesh,v8EzhiynNtf,0.0030041897388540803
2018-09-01,49,1.0,Uttar Pradesh,v8EzhiynNtf,0.00016450917360712482
2018-09-01,50,1.0,Uttar Pradesh,v8EzhiynNtf,0.23542116630669546
2018-09-01,51,1.0,Uttar Pradesh,v8EzhiynNtf,0.8401048492791612
2018-09-01,52,1.0,Uttar Pradesh,v8EzhiynNtf,0.6817472698907956
2018-10-01,48,1.0,Uttar Pradesh,v8EzhiynNtf,0.0029252446238552648
2018-10-01,49,1.0,Uttar Pradesh,v8EzhiynNtf,0.00015613397655523477
2018-10-01,50,1.0,Uttar Pradesh,v8EzhiynNtf,0.2150520156046814
2018-10-01,51,1.0,Uttar Pradesh,v8EzhiynNtf,0.8019652305366591
2018-10-01,52,1.0,Uttar Pradesh,v8EzhiynNtf,1.0848256361922717
2018-11-01,48,1.0,Uttar Pradesh,v8EzhiynNtf,0.002786247442540523
2018-11-01,49,1.0,Uttar Pradesh,v8EzhiynNtf,0.00016245344342166086
2018-11-01,50,1.0,Uttar Pradesh,v8EzhiynNtf,0.35431963755663176
2018-11-01,51,1.0,Uttar Pradesh,v8EzhiynNtf,0.451058201058201
2018-11-01,52,1.0,Uttar Pradesh,v8EzhiynNtf,1.4545454545454546
2018-12-01,48,1.0,Uttar Pradesh,v8EzhiynNtf,0.00355040592042172
2018-12-01,49,1.0,Uttar Pradesh,v8EzhiynNtf,0.00018709682626222207
2018-12-01,50,1.0,Uttar Pradesh,v8EzhiynNtf,0.33260987520347257
2018-12-01,51,1.0,Uttar Pradesh,v8EzhiynNtf,0.416394779771615
2018-12-01,52,1.0,Uttar Pradesh,v8EzhiynNtf,1.1106758080313421
2019-01-01,48,1.0,Uttar Pradesh,v8EzhiynNtf,0.003844820533655036
2019-01-01,49,1.0,Uttar Pradesh,v8EzhiynNtf,0.0003490934407537799
2019-01-01,50,1.0,Uttar Pradesh,v8EzhiynNtf,0.16379498364231188
2019-01-01,51,1.0,Uttar Pradesh,v8EzhiynNtf,0.6795383932534399
2019-01-01,52,1.0,Uttar Pradesh,v8EzhiynNtf,0.6074461136512084
2019-02-01,48,1.0,Uttar Pradesh,v8EzhiynNtf,0.004020809226090001
2019-02-01,49,1.0,Uttar Pradesh,v8EzhiynNtf,0.00030871483920966766
2019-02-01,50,1.0,Uttar Pradesh,v8EzhiynNtf,0.19976981256165727
2019-02-01,51,1.0,Uttar Pradesh,v8EzhiynNtf,0.6292181069958848
2019-02-01,52,1.0,Uttar Pradesh,v8EzhiynNtf,0.5840418574231524
2019-03-01,48,1.0,Uttar Pradesh,v8EzhiynNtf,0.005758290594871974
2019-03-01,49,1.0,Uttar Pradesh,v8EzhiynNtf,0.0006623511898794728
2019-03-01,50,1.0,Uttar Pradesh,v8EzhiynNtf,0.19078090275116869
2019-03-01,51,1.0,Uttar Pradesh,v8EzhiynNtf,0.493673428399277
2019-03-01,52,1.0,Uttar Pradesh,v8EzhiynNtf,0.80553295362083
2019-04-01,48,1.0,Uttar Pradesh,v8EzhiynNtf,0.002527843038724596
2019-04-01,49,1.0,Uttar Pradesh,v8EzhiynNtf,0.0002805433498307977
2019-04-01,50,1.0,Uttar Pradesh,v8EzhiynNtf,0.2755666607174728
2019-04-01,51,1.0,Uttar Pradesh,v8EzhiynNtf,0.4365284974093264
2019-04-01,52,1.0,Uttar Pradesh,v8EzhiynNtf,1.056379821958457
2019-05-01,48,1.0,Uttar Pradesh,v8EzhiynNtf,0.003214589676184979
2019-05-01,49,1.0,Uttar Pradesh,v8EzhiynNtf,0.0004867825177681628
2019-05-01,50,1.0,Uttar Pradesh,v8EzhiynNtf,0.2565830076116026
2019-05-01,51,1.0,Uttar Pradesh,v8EzhiynNtf,0.3828422529565043
2019-05-01,52,1.0,Uttar Pradesh,v8EzhiynNtf,1.0513089005235603
2019-06-01,48,1.0,Uttar Pradesh,v8EzhiynNtf,0.003941819742127103
2019-06-01,49,1.0,Uttar Pradesh,v8EzhiynNtf,0.0005109413909242149
2019-06-01,50,1.0,Uttar Pradesh,v8EzhiynNtf,0.2930079866725464
2019-06-01,51,1.0,Uttar Pradesh,v8EzhiynNtf,0.4105351170568562
2019-06-01,52,1.0,Uttar Pradesh,v8EzhiynNtf,0.6309572301425662
2019-07-01,48,1.0,Uttar Pradesh,v8EzhiynNtf,0.006351389658440099
2019-07-01,49,1.0,Uttar Pradesh,v8EzhiynNtf,0.0007399374663215294
2019-07-01,50,1.0,Uttar Pradesh,v8EzhiynNtf,0.2760860738936257
2019-07-01,51,1.0,Uttar Pradesh,v8EzhiynNtf,0.468014705882353
2019-07-01,52,1.0,Uttar Pradesh,v8EzhiynNtf,0.7056821157371039
2019-08-01,48,1.0,Uttar Pradesh,v8EzhiynNtf,0.005522473685354235
2019-08-01,49,1.0,Uttar Pradesh,v8EzhiynNtf,0.000722813456747706
2019-08-01,50,1.0,Uttar Pradesh,v8EzhiynNtf,0.26977694652258244
2019-08-01,51,1.0,Uttar Pradesh,v8EzhiynNtf,0.4847862370008987
2019-08-01,52,1.0,Uttar Pradesh,v8EzhiynNtf,0.6882944915254238
2019-09-01,48,1.0,Uttar Pradesh,v8EzhiynNtf,0.004635451449811113
2019-09-01,49,1.0,Uttar Pradesh,v8EzhiynNtf,0.00041786088274369486
2019-09-01,50,1.0,Uttar Pradesh,v8EzhiynNtf,0.3883530046132646
2019-09-01,51,1.0,Uttar Pradesh,v8EzhiynNtf,0.4964517124344338
2019-09-01,52,1.0,Uttar Pradesh,v8EzhiynNtf,0.9779366065879428
2019-10-01,48,1.0,Uttar Pradesh,v8EzhiynNtf,0.0044638456329619755
2019-10-01,49,1.0,Uttar Pradesh,v8EzhiynNtf,0.0003008968875260002
2019-10-01,50,1.0,Uttar Pradesh,v8EzhiynNtf,0.4780763790664781
2019-10-01,51,1.0,Uttar Pradesh,v8EzhiynNtf,0.4634528367560042
2019-10-01,52,1.0,Uttar Pradesh,v8EzhiynNtf,1.0093879083740145
2019-11-01,1,1.0,Uttar Pradesh,v8EzhiynNtf,100.0
2019-11-01,2,1.0,Uttar Pradesh,v8EzhiynNtf,100.0
2019-11-01,5,1.0,Uttar Pradesh,v8EzhiynNtf,15.743440233236154
2019-11-01,6,1.0,Uttar Pradesh,v8EzhiynNtf,61.51603498542274
2019-11-01,9,1.0,Uttar Pradesh,v8EzhiynNtf,36.77265902175213
2019-11-01,10,1.0,Uttar Pradesh,v8EzhiynNtf,38.9830846300012
2019-11-01,11,1.0,Uttar Pradesh,v8EzhiynNtf,50.67668123895452
2019-11-01,14,1.0,Uttar Pradesh,v8EzhiynNtf,59.06409752261109
2019-11-01,16,1.0,Uttar Pradesh,v8EzhiynNtf,4.472341443320887
2019-11-01,17,1.0,Uttar Pradesh,v8EzhiynNtf,100.0
2019-11-01,18,1.0,Uttar Pradesh,v8EzhiynNtf,14.73281391471494
2019-11-01,19,1.0,Uttar Pradesh,v8EzhiynNtf,2.7131326917194154
2019-11-01,20,1.0,Uttar Pradesh,v8EzhiynNtf,32.180395179185986
2019-11-01,21,1.0,Uttar Pradesh,v8EzhiynNtf,5.653626905138393
2019-11-01,22,1.0,Uttar Pradesh,v8EzhiynNtf,0.0
2019-11-01,28,1.0,Uttar Pradesh,v8EzhiynNtf,0.0
2019-11-01,30,1.0,Uttar Pradesh,v8EzhiynNtf,0.0
2019-11-01,32,1.0,Uttar Pradesh,v8EzhiynNtf,63.62016259421174
2019-11-01,35,1.0,Uttar Pradesh,v8EzhiynNtf,100.0
2019-11-01,48,1.0,Uttar Pradesh,v8EzhiynNtf,0.0050947308220856465
2019-11-01,49,1.0,Uttar Pradesh,v8EzhiynNtf,0.0003033753625958957
2019-11-01,50,1.0,Uttar Pradesh,v8EzhiynNtf,0.5665126258458492
2019-11-01,51,1.0,Uttar Pradesh,v8EzhiynNtf,0.5236707938820102
2019-11-01,52,1.0,Uttar Pradesh,v8EzhiynNtf,0.8013908205841447
2019-12-01,1,1.0,Uttar Pradesh,v8EzhiynNtf,100.0
2019-12-01,2,1.0,Uttar Pradesh,v8EzhiynNtf,0.0
2019-12-01,5,1.0,Uttar Pradesh,v8EzhiynNtf,24.324324324324326
2019-12-01,6,1.0,Uttar Pradesh,v8EzhiynNtf,30.88803088803089
2019-12-01,9,1.0,Uttar Pradesh,v8EzhiynNtf,37.917718349527284
2019-12-01,10,1.0,Uttar Pradesh,v8EzhiynNtf,40.110035995281294
2019-12-01,11,1.0,Uttar Pradesh,v8EzhiynNtf,52.41833843630583
2019-12-01,14,1.0,Uttar Pradesh,v8EzhiynNtf,63.77784835972593
2019-12-01,16,1.0,Uttar Pradesh,v8EzhiynNtf,4.3957262745388
2019-12-01,17,1.0,Uttar Pradesh,v8EzhiynNtf,96.20307167235495
2019-12-01,18,1.0,Uttar Pradesh,v8EzhiynNtf,14.834038151449692
2019-12-01,19,1.0,Uttar Pradesh,v8EzhiynNtf,0.08586075405944595
2019-12-01,20,1.0,Uttar Pradesh,v8EzhiynNtf,32.676052551094145
2019-12-01,21,1.0,Uttar Pradesh,v8EzhiynNtf,4.740555019678093
2019-12-01,22,1.0,Uttar Pradesh,v8EzhiynNtf,0.0013443615794904195
2019-12-01,28,1.0,Uttar Pradesh,v8EzhiynNtf,0.0
2019-12-01,30,1.0,Uttar Pradesh,v8EzhiynNtf,0.0
2019-12-01,32,1.0,Uttar Pradesh,v8EzhiynNtf,42.283046128028296
2019-12-01,35,1.0,Uttar Pradesh,v8EzhiynNtf,100.0
2019-12-01,48,1.0,Uttar Pradesh,v8EzhiynNtf,0.006162984871087752
2019-12-01,49,1.0,Uttar Pradesh,v8EzhiynNtf,0.0003002960450848134
2019-12-01,50,1.0,Uttar Pradesh,v8EzhiynNtf,0.5071279699874948
2019-12-01,51,1.0,Uttar Pradesh,v8EzhiynNtf,0.5707710011507479
2019-12-01,52,1.0,Uttar Pradesh,v8EzhiynNtf,1.1774193548387095
2020-01-01,1,1.0,Uttar Pradesh,v8EzhiynNtf,100.0
2020-01-01,2,1.0,Uttar Pradesh,v8EzhiynNtf,0.0
2020-01-01,5,1.0,Uttar Pradesh,v8EzhiynNtf,10.411622276029057
2020-01-01,6,1.0,Uttar Pradesh,v8EzhiynNtf,28.32929782082325
2020-01-01,9,1.0,Uttar Pradesh,v8EzhiynNtf,39.958482889813034
2020-01-01,10,1.0,Uttar Pradesh,v8EzhiynNtf,40.79854481834529
2020-01-01,11,1.0,Uttar Pradesh,v8EzhiynNtf,68.76080451550644
2020-01-01,14,1.0,Uttar Pradesh,v8EzhiynNtf,76.05870222051699
2020-01-01,16,1.0,Uttar Pradesh,v8EzhiynNtf,4.543971340697182
2020-01-01,17,1.0,Uttar Pradesh,v8EzhiynNtf,97.75095995611628
2020-01-01,18,1.0,Uttar Pradesh,v8EzhiynNtf,16.188876446435238
2020-01-01,19,1.0,Uttar Pradesh,v8EzhiynNtf,0.002634490752937457
2020-01-01,20,1.0,Uttar Pradesh,v8EzhiynNtf,46.75465331824461
2020-01-01,21,1.0,Uttar Pradesh,v8EzhiynNtf,4.8966584974694
2020-01-01,22,1.0,Uttar Pradesh,v8EzhiynNtf,0.0017356651415955625
2020-01-01,28,1.0,Uttar Pradesh,v8EzhiynNtf,0.0
2020-01-01,30,1.0,Uttar Pradesh,v8EzhiynNtf,0.0
2020-01-01,32,1.0,Uttar Pradesh,v8EzhiynNtf,52.42299303874997
2020-01-01,35,1.0,Uttar Pradesh,v8EzhiynNtf,0.0
2020-01-01,48,1.0,Uttar Pradesh,v8EzhiynNtf,0.005782046799484224
2020-01-01,49,1.0,Uttar Pradesh,v8EzhiynNtf,0.0002594137239823957
2020-01-01,50,1.0,Uttar Pradesh,v8EzhiynNtf,0.4473074696004633
2020-01-01,51,1.0,Uttar Pradesh,v8EzhiynNtf,0.6485436893203883
2020-01-01,52,1.0,Uttar Pradesh,v8EzhiynNtf,1.0419161676646709
2020-02-01,1,1.0,Uttar Pradesh,v8EzhiynNtf,100.0
2020-02-01,2,1.0,Uttar Pradesh,v8EzhiynNtf,0.0
2020-02-01,5,1.0,Uttar Pradesh,v8EzhiynNtf,18.43137254901961
2020-02-01,6,1.0,Uttar Pradesh,v8EzhiynNtf,61.17647058823529
2020-02-01,9,1.0,Uttar Pradesh,v8EzhiynNtf,39.85980619855877
2020-02-01,10,1.0,Uttar Pradesh,v8EzhiynNtf,41.19192798052162
2020-02-01,11,1.0,Uttar Pradesh,v8EzhiynNtf,55.124651795926106
2020-02-01,14,1.0,Uttar Pradesh,v8EzhiynNtf,77.37719493220716
2020-02-01,16,1.0,Uttar Pradesh,v8EzhiynNtf,5.123599289909273
2020-02-01,17,1.0,Uttar Pradesh,v8EzhiynNtf,96.15861214374223
2020-02-01,18,1.0,Uttar Pradesh,v8EzhiynNtf,16.261407774655005
2020-02-01,19,1.0,Uttar Pradesh,v8EzhiynNtf,0.0
2020-02-01,20,1.0,Uttar Pradesh,v8EzhiynNtf,43.55585649431296
2020-02-01,21,1.0,Uttar Pradesh,v8EzhiynNtf,4.288962018566206
2020-02-01,22,1.0,Uttar Pradesh,v8EzhiynNtf,0.0
2020-02-01,28,1.0,Uttar Pradesh,v8EzhiynNtf,0.0
2020-02-01,30,1.0,Uttar Pradesh,v8EzhiynNtf,0.0
2020-02-01,32,1.0,Uttar Pradesh,v8EzhiynNtf,43.637431380920475
2020-02-01,35,1.0,Uttar Pradesh,v8EzhiynNtf,0.0
2020-02-01,48,1.0,Uttar Pradesh,v8EzhiynNtf,0.008423287165935359
2020-02-01,49,1.0,Uttar Pradesh,v8EzhiynNtf,0.00032370386518938205
2020-02-01,50,1.0,Uttar Pradesh,v8EzhiynNtf,0.4105955143078113
2020-02-01,51,1.0,Uttar Pradesh,v8EzhiynNtf,0.7387455264644942
2020-02-01,52,1.0,Uttar Pradesh,v8EzhiynNtf,1.1664966853646102
2020-03-01,1,1.0,Uttar Pradesh,v8EzhiynNtf,100.0
2020-03-01,2,1.0,Uttar Pradesh,v8EzhiynNtf,0.0
2020-03-01,5,1.0,Uttar Pradesh,v8EzhiynNtf,16.964285714285715
2020-03-01,6,1.0,Uttar Pradesh,v8EzhiynNtf,33.92857142857143
2020-03-01,9,1.0,Uttar Pradesh,v8EzhiynNtf,39.96456960199146
2020-03-01,10,1.0,Uttar Pradesh,v8EzhiynNtf,40.85846227829481
2020-03-01,11,1.0,Uttar Pradesh,v8EzhiynNtf,60.38513761986931
2020-03-01,14,1.0,Uttar Pradesh,v8EzhiynNtf,56.84611306568993
2020-03-01,16,1.0,Uttar Pradesh,v8EzhiynNtf,5.637393567367259
2020-03-01,17,1.0,Uttar Pradesh,v8EzhiynNtf,100.0
2020-03-01,18,1.0,Uttar Pradesh,v8EzhiynNtf,16.096177644426295
2020-03-01,19,1.0,Uttar Pradesh,v8EzhiynNtf,0.0
2020-03-01,20,1.0,Uttar Pradesh,v8EzhiynNtf,18.40223756046505
2020-03-01,21,1.0,Uttar Pradesh,v8EzhiynNtf,3.2067692568809933
2020-03-01,22,1.0,Uttar Pradesh,v8EzhiynNtf,0.0
2020-03-01,28,1.0,Uttar Pradesh,v8EzhiynNtf,0.0
2020-03-01,30,1.0,Uttar Pradesh,v8EzhiynNtf,0.0
2020-03-01,32,1.0,Uttar Pradesh,v8EzhiynNtf,49.42971759733844
2020-03-01,35,1.0,Uttar Pradesh,v8EzhiynNtf,0.0
2020-03-01,48,1.0,Uttar Pradesh,v8EzhiynNtf,0.006377140346813601
2020-03-01,49,1.0,Uttar Pradesh,v8EzhiynNtf,0.0002806434902376622
2020-03-01,50,1.0,Uttar Pradesh,v8EzhiynNtf,0.4505798394290812
2020-03-01,51,1.0,Uttar Pradesh,v8EzhiynNtf,0.6766976836270046
2020-03-01,52,1.0,Uttar Pradesh,v8EzhiynNtf,1.623171445289643
2020-04-01,1,1.0,Uttar Pradesh,v8EzhiynNtf,100.0
2020-04-01,2,1.0,Uttar Pradesh,v8EzhiynNtf,0.0
2020-04-01,5,1.0,Uttar Pradesh,v8EzhiynNtf,32.29166666666667
2020-04-01,6,1.0,Uttar Pradesh,v8EzhiynNtf,2.083333333333333
2020-04-01,9,1.0,Uttar Pradesh,v8EzhiynNtf,38.693247453355276
2020-04-01,10,1.0,Uttar Pradesh,v8EzhiynNtf,41.23289109812021
2020-04-01,11,1.0,Uttar Pradesh,v8EzhiynNtf,52.35936570168376
2020-04-01,14,1.0,Uttar Pradesh,v8EzhiynNtf,100.0
2020-04-01,16,1.0,Uttar Pradesh,v8EzhiynNtf,5.694507648685546
2020-04-01,17,1.0,Uttar Pradesh,v8EzhiynNtf,99.81662591687042
2020-04-01,18,1.0,Uttar Pradesh,v8EzhiynNtf,16.003865366781227
2020-04-01,19,1.0,Uttar Pradesh,v8EzhiynNtf,7.313173444560306
2020-04-01,20,1.0,Uttar Pradesh,v8EzhiynNtf,23.825567963034267
2020-04-01,21,1.0,Uttar Pradesh,v8EzhiynNtf,2.9098260230335704
2020-04-01,22,1.0,Uttar Pradesh,v8EzhiynNtf,0.0
2020-04-01,28,1.0,Uttar Pradesh,v8EzhiynNtf,0.0
2020-04-01,30,1.0,Uttar Pradesh,v8EzhiynNtf,0.0
2020-04-01,32,1.0,Uttar Pradesh,v8EzhiynNtf,100.0
2020-04-01,35,1.0,Uttar Pradesh,v8EzhiynNtf,0.0
2020-04-01,48,1.0,Uttar Pradesh,v8EzhiynNtf,0.0
2020-04-01,49,1.0,Uttar Pradesh,v8EzhiynNtf,0.0
2020-04-01,50,1.0,Uttar Pradesh,v8EzhiynNtf,0.5185758513931888
2020-04-01,51,1.0,Uttar Pradesh,v8EzhiynNtf,0.6716417910447762
2020-04-01,52,1.0,Uttar Pradesh,v8EzhiynNtf,3.515555555555556
2020-05-01,1,1.0,Uttar Pradesh,v8EzhiynNtf,100.0
2020-05-01,2,1.0,Uttar Pradesh,v8EzhiynNtf,0.0
2020-05-01,5,1.0,Uttar Pradesh,v8EzhiynNtf,27.56410256410257
2020-05-01,6,1.0,Uttar Pradesh,v8EzhiynNtf,34.615384615384606
2020-05-01,9,1.0,Uttar Pradesh,v8EzhiynNtf,40.04639871805604
2020-05-01,10,1.0,Uttar Pradesh,v8EzhiynNtf,41.48858567618957
2020-05-01,11,1.0,Uttar Pradesh,v8EzhiynNtf,48.92553484089305
2020-05-01,14,1.0,Uttar Pradesh,v8EzhiynNtf,68.39170015582712
2020-05-01,16,1.0,Uttar Pradesh,v8EzhiynNtf,5.4661994905707765
2020-05-01,17,1.0,Uttar Pradesh,v8EzhiynNtf,100.0
2020-05-01,18,1.0,Uttar Pradesh,v8EzhiynNtf,15.489705006877012
2020-05-01,19,1.0,Uttar Pradesh,v8EzhiynNtf,2.5451480076516546
2020-05-01,20,1.0,Uttar Pradesh,v8EzhiynNtf,26.854453918180408
2020-05-01,21,1.0,Uttar Pradesh,v8EzhiynNtf,3.3256400750989563
2020-05-01,22,1.0,Uttar Pradesh,v8EzhiynNtf,0.0
2020-05-01,28,1.0,Uttar Pradesh,v8EzhiynNtf,0.0
2020-05-01,30,1.0,Uttar Pradesh,v8EzhiynNtf,0.0
2020-05-01,32,1.0,Uttar Pradesh,v8EzhiynNtf,25.51449351555841
2020-05-01,35,1.0,Uttar Pradesh,v8EzhiynNtf,0.0
2020-05-01,48,1.0,Uttar Pradesh,v8EzhiynNtf,0.0
2020-05-01,49,1.0,Uttar Pradesh,v8EzhiynNtf,0.0
2020-05-01,50,1.0,Uttar Pradesh,v8EzhiynNtf,0.6666666666666666
2020-05-01,51,1.0,Uttar Pradesh,v8EzhiynNtf,0.6221864951768489
2020-05-01,52,1.0,Uttar Pradesh,v8EzhiynNtf,2.1550387596899223
2020-06-01,1,1.0,Uttar Pradesh,v8EzhiynNtf,100.0
2020-06-01,2,1.0,Uttar Pradesh,v8EzhiynNtf,0.0
2020-06-01,5,1.0,Uttar Pradesh,v8EzhiynNtf,21.484375
2020-06-01,6,1.0,Uttar Pradesh,v8EzhiynNtf,34.375
2020-06-01,9,1.0,Uttar Pradesh,v8EzhiynNtf,36.80617622584522
2020-06-01,10,1.0,Uttar Pradesh,v8EzhiynNtf,38.00865000359561
2020-06-01,11,1.0,Uttar Pradesh,v8EzhiynNtf,46.100820825756884
2020-06-01,14,1.0,Uttar Pradesh,v8EzhiynNtf,62.056395411171856
2020-06-01,16,1.0,Uttar Pradesh,v8EzhiynNtf,5.3862195785948375
2020-06-01,17,1.0,Uttar Pradesh,v8EzhiynNtf,98.72340425531915
2020-06-01,18,1.0,Uttar Pradesh,v8EzhiynNtf,13.90972123956417
2020-06-01,19,1.0,Uttar Pradesh,v8EzhiynNtf,3.3121395830252838
2020-06-01,20,1.0,Uttar Pradesh,v8EzhiynNtf,33.264503138451424
2020-06-01,21,1.0,Uttar Pradesh,v8EzhiynNtf,3.079380733709331
2020-06-01,22,1.0,Uttar Pradesh,v8EzhiynNtf,0.0
2020-06-01,28,1.0,Uttar Pradesh,v8EzhiynNtf,0.0
2020-06-01,30,1.0,Uttar Pradesh,v8EzhiynNtf,0.0
2020-06-01,32,1.0,Uttar Pradesh,v8EzhiynNtf,21.57368152173192
2020-06-01,35,1.0,Uttar Pradesh,v8EzhiynNtf,0.0
2020-06-01,48,1.0,Uttar Pradesh,v8EzhiynNtf,0.0
2020-06-01,49,1.0,Uttar Pradesh,v8EzhiynNtf,0.0
2020-06-01,50,1.0,Uttar Pradesh,v8EzhiynNtf,0.5625
2020-06-01,51,1.0,Uttar Pradesh,v8EzhiynNtf,0.6503014642549526
2020-06-01,52,1.0,Uttar Pradesh,v8EzhiynNtf,1.847682119205298
2020-07-01,1,1.0,Uttar Pradesh,v8EzhiynNtf,100.0
2020-07-01,2,1.0,Uttar Pradesh,v8EzhiynNtf,0.0
2020-07-01,5,1.0,Uttar Pradesh,v8EzhiynNtf,16.76300578034682
2020-07-01,6,1.0,Uttar Pradesh,v8EzhiynNtf,31.50289017341041
2020-07-01,9,1.0,Uttar Pradesh,v8EzhiynNtf,33.02497727184595
2020-07-01,10,1.0,Uttar Pradesh,v8EzhiynNtf,35.06426358626573
2020-07-01,11,1.0,Uttar Pradesh,v8EzhiynNtf,45.32661757672637
2020-07-01,14,1.0,Uttar Pradesh,v8EzhiynNtf,64.4971418869206
2020-07-01,16,1.0,Uttar Pradesh,v8EzhiynNtf,4.210417465563077
2020-07-01,17,1.0,Uttar Pradesh,v8EzhiynNtf,74.58866544789763
2020-07-01,18,1.0,Uttar Pradesh,v8EzhiynNtf,14.715853197124481
2020-07-01,19,1.0,Uttar Pradesh,v8EzhiynNtf,0.0
2020-07-01,20,1.0,Uttar Pradesh,v8EzhiynNtf,28.75940902490833
2020-07-01,21,1.0,Uttar Pradesh,v8EzhiynNtf,2.95616805477162
2020-07-01,22,1.0,Uttar Pradesh,v8EzhiynNtf,0.0
2020-07-01,28,1.0,Uttar Pradesh,v8EzhiynNtf,0.0
2020-07-01,30,1.0,Uttar Pradesh,v8EzhiynNtf,0.0
2020-07-01,32,1.0,Uttar Pradesh,v8EzhiynNtf,29.29385929685648
2020-07-01,35,1.0,Uttar Pradesh,v8EzhiynNtf,0.0
2020-07-01,48,1.0,Uttar Pradesh,v8EzhiynNtf,0.0049270366089252254
2020-07-01,49,1.0,Uttar Pradesh,v8EzhiynNtf,0.00020904608701415904
2020-07-01,50,1.0,Uttar Pradesh,v8EzhiynNtf,0.3628646580583453
2020-07-01,51,1.0,Uttar Pradesh,v8EzhiynNtf,0.6945634266886326
2020-07-01,52,1.0,Uttar Pradesh,v8EzhiynNtf,1.601518026565465
2020-08-01,1,1.0,Uttar Pradesh,v8EzhiynNtf,100.0
2020-08-01,2,1.0,Uttar Pradesh,v8EzhiynNtf,0.0
2020-08-01,5,1.0,Uttar Pradesh,v8EzhiynNtf,9.060402684563758
2020-08-01,6,1.0,Uttar Pradesh,v8EzhiynNtf,19.798657718120804
2020-08-01,9,1.0,Uttar Pradesh,v8EzhiynNtf,31.548637967835326
2020-08-01,10,1.0,Uttar Pradesh,v8EzhiynNtf,34.16633205829934
2020-08-01,11,1.0,Uttar Pradesh,v8EzhiynNtf,43.981276020203296
2020-08-01,14,1.0,Uttar Pradesh,v8EzhiynNtf,65.62195051948797
2020-08-01,16,1.0,Uttar Pradesh,v8EzhiynNtf,3.7081651486013367
2020-08-01,17,1.0,Uttar Pradesh,v8EzhiynNtf,94.13067552602436
2020-08-01,18,1.0,Uttar Pradesh,v8EzhiynNtf,14.500115446779034
2020-08-01,19,1.0,Uttar Pradesh,v8EzhiynNtf,0.0
2020-08-01,20,1.0,Uttar Pradesh,v8EzhiynNtf,28.58788224603225
2020-08-01,21,1.0,Uttar Pradesh,v8EzhiynNtf,2.649746049860169
2020-08-01,22,1.0,Uttar Pradesh,v8EzhiynNtf,0.0
2020-08-01,28,1.0,Uttar Pradesh,v8EzhiynNtf,0.0
2020-08-01,30,1.0,Uttar Pradesh,v8EzhiynNtf,0.0
2020-08-01,32,1.0,Uttar Pradesh,v8EzhiynNtf,43.27197934895359
2020-08-01,35,1.0,Uttar Pradesh,v8EzhiynNtf,0.0
2020-08-01,48,1.0,Uttar Pradesh,v8EzhiynNtf,0.005469714769577026
2020-08-01,49,1.0,Uttar Pradesh,v8EzhiynNtf,0.00036017995056363385
2020-08-01,50,1.0,Uttar Pradesh,v8EzhiynNtf,0.32305778269283936
2020-08-01,51,1.0,Uttar Pradesh,v8EzhiynNtf,0.6337184424475824
2020-08-01,52,1.0,Uttar Pradesh,v8EzhiynNtf,1.2542201215395004
2020-09-01,1,1.0,Uttar Pradesh,v8EzhiynNtf,100.0
2020-09-01,2,1.0,Uttar Pradesh,v8EzhiynNtf,0.0
2020-09-01,5,1.0,Uttar Pradesh,v8EzhiynNtf,12.061068702290076
2020-09-01,6,1.0,Uttar Pradesh,v8EzhiynNtf,26.87022900763359
2020-09-01,9,1.0,Uttar Pradesh,v8EzhiynNtf,31.888309395811604
2020-09-01,10,1.0,Uttar Pradesh,v8EzhiynNtf,34.110888229158306
2020-09-01,11,1.0,Uttar Pradesh,v8EzhiynNtf,44.646393324239746
2020-09-01,14,1.0,Uttar Pradesh,v8EzhiynNtf,56.98691775685359
2020-09-01,16,1.0,Uttar Pradesh,v8EzhiynNtf,3.7108240391559013
2020-09-01,17,1.0,Uttar Pradesh,v8EzhiynNtf,96.11650485436894
2020-09-01,18,1.0,Uttar Pradesh,v8EzhiynNtf,14.353067268689943
2020-09-01,19,1.0,Uttar Pradesh,v8EzhiynNtf,0.0
2020-09-01,20,1.0,Uttar Pradesh,v8EzhiynNtf,28.52988846987082
2020-09-01,21,1.0,Uttar Pradesh,v8EzhiynNtf,2.2052475326967826
2020-09-01,22,1.0,Uttar Pradesh,v8EzhiynNtf,0.0
2020-09-01,28,1.0,Uttar Pradesh,v8EzhiynNtf,0.0
2020-09-01,30,1.0,Uttar Pradesh,v8EzhiynNtf,0.0
2020-09-01,32,1.0,Uttar Pradesh,v8EzhiynNtf,35.64024439393207
2020-09-01,35,1.0,Uttar Pradesh,v8EzhiynNtf,0.0
2020-09-01,48,1.0,Uttar Pradesh,v8EzhiynNtf,0.002556186728485367
2020-09-01,49,1.0,Uttar Pradesh,v8EzhiynNtf,0.00014997255469668115
2020-09-01,50,1.0,Uttar Pradesh,v8EzhiynNtf,0.32503342245989303
2020-09-01,51,1.0,Uttar Pradesh,v8EzhiynNtf,0.7799485861182519
2020-09-01,52,1.0,Uttar Pradesh,v8EzhiynNtf,1.4970336189848386
